"id";"digitalId";"title";"issueNumber";"variantDescription";"description";"modified";"isbn";"upc";"diamondCode";"ean";"issn";"format";"pageCount";"textObjects";"resourceURI";"urls";"series";"variants";"collections";"collectedIssues";"dates";"prices";"thumbnail";"images";"creators";"characters";"stories";"events"
1886;0;"Official Handbook of the Marvel Universe (2004) #12 (SPIDER-MAN)";12;"SPIDER-MAN";"The spectacular sequel to last year's OFFICIAL HANDBOOK OF THE MARVEL UNIVERSE: SPIDER-MAN 2004, this Official Handbook contains in-depth bios on more than 30 of the wisecracking web-slinger's closest allies and most infamous enemies - including the Stacy Twins, fresh from the pages of AMAZING SPIDER-MAN, and Toxin, in time for this month's TOXIN #1! Plus: An all-new cover by superstar artist Tom Raney, digitally painted by Morry Hollowell.<br>48 PGS./Marvel PSR ...$3.99<br>";"-0001-11-30T00:00:00-0500";"";"5960605667-00111";"";"";"";"Comic";0;"[{""type"":""issue_solicit_text"",""language"":""en-us"",""text"":""The spectacular sequel to last year's OFFICIAL HANDBOOK OF THE MARVEL UNIVERSE: SPIDER-MAN 2004, this Official Handbook contains in-depth bios on more than 30 of the wisecracking web-slinger's closest allies and most infamous enemies - including the Stacy Twins, fresh from the pages of AMAZING SPIDER-MAN, and Toxin, in time for this month's TOXIN #1! Plus: An all-new cover by superstar artist Tom Raney, digitally painted by Morry Hollowell.\r<br>48 PGS./Marvel PSR ...$3.99\r<br>""}]";"http://gateway.marvel.com/v1/public/comics/1886";"[{""type"":""detail"",""url"":""http://marvel.com/comics/issue/1886/official_handbook_of_the_marvel_universe_2004_12_spider-man/spider-man?utm_campaign=apiRef&utm_source=30fc9ec87b49604fa0a71b90eea47f38""}]";"{""resourceURI"":""http://gateway.marvel.com/v1/public/series/787"",""name"":""Official Handbook of the Marvel Universe (2004)""}";"[]";"[]";"[]";"[{""type"":""onsaleDate"",""date"":""2029-12-31T00:00:00-0500""},{""type"":""focDate"",""date"":""-0001-11-30T00:00:00-0500""}]";"[{""type"":""printPrice"",""price"":3.99}]";"{""path"":""http://i.annihil.us/u/prod/marvel/i/mg/b/40/4bc64020a4ccc"",""extension"":""jpg""}";"[{""path"":""http://i.annihil.us/u/prod/marvel/i/mg/b/40/4bc64020a4ccc"",""extension"":""jpg""}]";"{""available"":12,""collectionURI"":""http://gateway.marvel.com/v1/public/comics/1886/creators"",""items"":[{""resourceURI"":""http://gateway.marvel.com/v1/public/creators/907"",""name"":""Heather Buchanan"",""role"":""writer""},{""resourceURI"":""http://gateway.marvel.com/v1/public/creators/887"",""name"":""Ronald Byrd"",""role"":""writer""},{""resourceURI"":""http://gateway.marvel.com/v1/public/creators/902"",""name"":""Jeff Christiansen"",""role"":""writer""},{""resourceURI"":""http://gateway.marvel.com/v1/public/creators/909"",""name"":""Eric Engelhard"",""role"":""writer""},{""resourceURI"":""http://gateway.marvel.com/v1/public/creators/906"",""name"":""Mike Fichera"",""role"":""writer""},{""resourceURI"":""http://gateway.marvel.com/v1/public/creators/910"",""name"":""Jason Godin"",""role"":""writer""},{""resourceURI"":""http://gateway.marvel.com/v1/public/creators/897"",""name"":""Sean Mcquaid"",""role"":""writer""},{""resourceURI"":""http://gateway.marvel.com/v1/public/creators/900"",""name"":""Barry Reese"",""role"":""writer""},{""resourceURI"":""http://gateway.marvel.com/v1/public/creators/905"",""name"":""Al Sjoerdsma"",""role"":""writer""},{""resourceURI"":""http://gateway.marvel.com/v1/public/creators/911"",""name"":""Bryan Thiessen"",""role"":""writer""},{""resourceURI"":""http://gateway.marvel.com/v1/public/creators/908"",""name"":""Kerry Wilkinson"",""role"":""writer""},{""resourceURI"":""http://gateway.marvel.com/v1/public/creators/444"",""name"":""Tom Raney"",""role"":""penciller (cover)""}],""returned"":12}";"{""available"":14,""collectionURI"":""http://gateway.marvel.com/v1/public/comics/1886/characters"",""items"":[{""resourceURI"":""http://gateway.marvel.com/v1/public/characters/1009156"",""name"":""Apocalypse""},{""resourceURI"":""http://gateway.marvel.com/v1/public/characters/1009197"",""name"":""Blink""},{""resourceURI"":""http://gateway.marvel.com/v1/public/characters/1009243"",""name"":""Colossus""},{""resourceURI"":""http://gateway.marvel.com/v1/public/characters/1009313"",""name"":""Gambit""},{""resourceURI"":""http://gateway.marvel.com/v1/public/characters/1009349"",""name"":""Holocaust (Age of Apocalypse)""},{""resourceURI"":""http://gateway.marvel.com/v1/public/characters/1009417"",""name"":""Magneto""},{""resourceURI"":""http://gateway.marvel.com/v1/public/characters/1009447"",""name"":""Mister Sinister""},{""resourceURI"":""http://gateway.marvel.com/v1/public/characters/1009546"",""name"":""Rogue""},{""resourceURI"":""http://gateway.marvel.com/v1/public/characters/1010969"",""name"":""Sabretooth (Age of Apocalypse)""},{""resourceURI"":""http://gateway.marvel.com/v1/public/characters/1010975"",""name"":""Shadowcat (Age of Apocalypse)""},{""resourceURI"":""http://gateway.marvel.com/v1/public/characters/1010976"",""name"":""Silver Samurai (Age of Apocalypse)""},{""resourceURI"":""http://gateway.marvel.com/v1/public/characters/1010979"",""name"":""Storm (Age of Apocalypse)""},{""resourceURI"":""http://gateway.marvel.com/v1/public/characters/1009636"",""name"":""Sunfire""},{""resourceURI"":""http://gateway.marvel.com/v1/public/characters/1009718"",""name"":""Wolverine""}],""returned"":14}";"{""available"":2,""collectionURI"":""http://gateway.marvel.com/v1/public/comics/1886/stories"",""items"":[{""resourceURI"":""http://gateway.marvel.com/v1/public/stories/4430"",""name"":""Cover #4430"",""type"":""cover""},{""resourceURI"":""http://gateway.marvel.com/v1/public/stories/4431"",""name"":""Interior #4431"",""type"":""interiorStory""}],""returned"":2}";"{""available"":0,""collectionURI"":""http://gateway.marvel.com/v1/public/comics/1886/events"",""items"":[],""returned"":0}"
1689;0;"Official Handbook of the Marvel Universe (2004) #10 (MARVEL KNIGHTS)";10;"MARVEL KNIGHTS";"On the mean streets of the Marvel Universe, the kid gloves come off. Guardian devils, vengeance-seeking vigilantes and enigmatic assassins stalk the city's dark underbelly _ and the urban action unfolds with gritty intensity. The newest entry in Marvel's best-selling Handbook series, OHOTMUMK04 includes in-depth bios on a host of the House's edgiest icons - from Black Panther to Shang-Chi!";"-0001-11-30T00:00:00-0500";"";"5960605694-00111";"";"";"";"Comic";0;"[{""type"":""issue_solicit_text"",""language"":""en-us"",""text"":""On the mean streets of the Marvel Universe, the kid gloves come off. Guardian devils, vengeance-seeking vigilantes and enigmatic assassins stalk the city's dark underbelly _ and the urban action unfolds with gritty intensity. The newest entry in Marvel's best-selling Handbook series, OHOTMUMK04 includes in-depth bios on a host of the House's edgiest icons - from Black Panther to Shang-Chi!""}]";"http://gateway.marvel.com/v1/public/comics/1689";"[{""type"":""detail"",""url"":""http://marvel.com/comics/issue/1689/official_handbook_of_the_marvel_universe_2004_10_marvel_knights/marvel_knights?utm_campaign=apiRef&utm_source=30fc9ec87b49604fa0a71b90eea47f38""}]";"{""resourceURI"":""http://gateway.marvel.com/v1/public/series/787"",""name"":""Official Handbook of the Marvel Universe (2004)""}";"[]";"[]";"[]";"[{""type"":""onsaleDate"",""date"":""2029-12-31T00:00:00-0500""},{""type"":""focDate"",""date"":""-0001-11-30T00:00:00-0500""}]";"[{""type"":""printPrice"",""price"":3.99}]";"{""path"":""http://i.annihil.us/u/prod/marvel/i/mg/9/30/4bc64df4105b9"",""extension"":""jpg""}";"[{""path"":""http://i.annihil.us/u/prod/marvel/i/mg/9/30/4bc64df4105b9"",""extension"":""jpg""}]";"{""available"":9,""collectionURI"":""http://gateway.marvel.com/v1/public/comics/1689/creators"",""items"":[{""resourceURI"":""http://gateway.marvel.com/v1/public/creators/887"",""name"":""Ronald Byrd"",""role"":""writer""},{""resourceURI"":""http://gateway.marvel.com/v1/public/creators/902"",""name"":""Jeff Christiansen"",""role"":""writer""},{""resourceURI"":""http://gateway.marvel.com/v1/public/creators/903"",""name"":""Anthony Flamini"",""role"":""writer""},{""resourceURI"":""http://gateway.marvel.com/v1/public/creators/888"",""name"":""Michael Hoskin"",""role"":""writer""},{""resourceURI"":""http://gateway.marvel.com/v1/public/creators/897"",""name"":""Sean Mcquaid"",""role"":""writer""},{""resourceURI"":""http://gateway.marvel.com/v1/public/creators/394"",""name"":""Eric J. Moreels"",""role"":""writer""},{""resourceURI"":""http://gateway.marvel.com/v1/public/creators/900"",""name"":""Barry Reese"",""role"":""writer""},{""resourceURI"":""http://gateway.marvel.com/v1/public/creators/896"",""name"":""Stuart Vandal"",""role"":""writer""},{""resourceURI"":""http://gateway.marvel.com/v1/public/creators/490"",""name"":""Pat Lee"",""role"":""penciller (cover)""}],""returned"":9}";"{""available"":14,""collectionURI"":""http://gateway.marvel.com/v1/public/comics/1689/characters"",""items"":[{""resourceURI"":""http://gateway.marvel.com/v1/public/characters/1009156"",""name"":""Apocalypse""},{""resourceURI"":""http://gateway.marvel.com/v1/public/characters/1009197"",""name"":""Blink""},{""resourceURI"":""http://gateway.marvel.com/v1/public/characters/1009243"",""name"":""Colossus""},{""resourceURI"":""http://gateway.marvel.com/v1/public/characters/1009313"",""name"":""Gambit""},{""resourceURI"":""http://gateway.marvel.com/v1/public/characters/1009349"",""name"":""Holocaust (Age of Apocalypse)""},{""resourceURI"":""http://gateway.marvel.com/v1/public/characters/1009417"",""name"":""Magneto""},{""resourceURI"":""http://gateway.marvel.com/v1/public/characters/1009447"",""name"":""Mister Sinister""},{""resourceURI"":""http://gateway.marvel.com/v1/public/characters/1009546"",""name"":""Rogue""},{""resourceURI"":""http://gateway.marvel.com/v1/public/characters/1010969"",""name"":""Sabretooth (Age of Apocalypse)""},{""resourceURI"":""http://gateway.marvel.com/v1/public/characters/1010975"",""name"":""Shadowcat (Age of Apocalypse)""},{""resourceURI"":""http://gateway.marvel.com/v1/public/characters/1010976"",""name"":""Silver Samurai (Age of Apocalypse)""},{""resourceURI"":""http://gateway.marvel.com/v1/public/characters/1010979"",""name"":""Storm (Age of Apocalypse)""},{""resourceURI"":""http://gateway.marvel.com/v1/public/characters/1009636"",""name"":""Sunfire""},{""resourceURI"":""http://gateway.marvel.com/v1/public/characters/1009718"",""name"":""Wolverine""}],""returned"":14}";"{""available"":2,""collectionURI"":""http://gateway.marvel.com/v1/public/comics/1689/stories"",""items"":[{""resourceURI"":""http://gateway.marvel.com/v1/public/stories/4612"",""name"":""Cover #4612"",""type"":""cover""},{""resourceURI"":""http://gateway.marvel.com/v1/public/stories/4613"",""name"":""Interior #4613"",""type"":""interiorStory""}],""returned"":2}";"{""available"":0,""collectionURI"":""http://gateway.marvel.com/v1/public/comics/1689/events"",""items"":[],""returned"":0}"
27238;0;"Wolverine Saga (2009) #7";7;"";;"-0001-11-30T00:00:00-0500";"";"5960606814-00711";"";"";"";"Comic";32;"[]";"http://gateway.marvel.com/v1/public/comics/27238";"[{""type"":""detail"",""url"":""http://marvel.com/comics/issue/27238/wolverine_saga_2009_7?utm_campaign=apiRef&utm_source=30fc9ec87b49604fa0a71b90eea47f38""}]";"{""resourceURI"":""http://gateway.marvel.com/v1/public/series/8086"",""name"":""Wolverine Saga (2009)""}";"[]";"[]";"[]";"[{""type"":""onsaleDate"",""date"":""2029-12-31T00:00:00-0500""},{""type"":""focDate"",""date"":""2009-06-11T00:00:00-0400""}]";"[{""type"":""printPrice"",""price"":0}]";"{""path"":""http://i.annihil.us/u/prod/marvel/i/mg/b/40/image_not_available"",""extension"":""jpg""}";"[]";"{""available"":1,""collectionURI"":""http://gateway.marvel.com/v1/public/comics/27238/creators"",""items"":[{""resourceURI"":""http://gateway.marvel.com/v1/public/creators/4430"",""name"":""Jeff Youngquist"",""role"":""editor""}],""returned"":1}";"{""available"":2,""collectionURI"":""http://gateway.marvel.com/v1/public/comics/27238/characters"",""items"":[{""resourceURI"":""http://gateway.marvel.com/v1/public/characters/1009368"",""name"":""Iron Man""},{""resourceURI"":""http://gateway.marvel.com/v1/public/characters/1009718"",""name"":""Wolverine""}],""returned"":2}";"{""available"":2,""collectionURI"":""http://gateway.marvel.com/v1/public/comics/27238/stories"",""items"":[{""resourceURI"":""http://gateway.marvel.com/v1/public/stories/59792"",""name"":""Cover #59792"",""type"":""cover""},{""resourceURI"":""http://gateway.marvel.com/v1/public/stories/59793"",""name"":""Interior #59793"",""type"":""interiorStory""}],""returned"":2}";"{""available"":0,""collectionURI"":""http://gateway.marvel.com/v1/public/comics/27238/events"",""items"":[],""returned"":0}"
17486;0;"X-Men: Phoenix - Warsong (2006)";0;"";;"2017-07-13T15:08:13-0400";"0-7851-1931-0";"";"";"";"";"Comic";0;"[]";"http://gateway.marvel.com/v1/public/comics/17486";"[{""type"":""detail"",""url"":""http://marvel.com/comics/issue/17486/x-men_phoenix_-_warsong_2006?utm_campaign=apiRef&utm_source=30fc9ec87b49604fa0a71b90eea47f38""}]";"{""resourceURI"":""http://gateway.marvel.com/v1/public/series/3318"",""name"":""X-Men: Phoenix - Warsong (2006)""}";"[]";"[]";"[]";"[{""type"":""onsaleDate"",""date"":""2029-12-31T00:00:00-0500""},{""type"":""focDate"",""date"":""-0001-11-30T00:00:00-0500""}]";"[{""type"":""printPrice"",""price"":0}]";"{""path"":""http://i.annihil.us/u/prod/marvel/i/mg/6/50/4c3645d0d29e3"",""extension"":""jpg""}";"[{""path"":""http://i.annihil.us/u/prod/marvel/i/mg/6/60/5967d3020ef5a"",""extension"":""jpg""},{""path"":""http://i.annihil.us/u/prod/marvel/i/mg/7/00/5967babd39573"",""extension"":""jpg""},{""path"":""http://i.annihil.us/u/prod/marvel/i/mg/7/90/5967855eba7e7"",""extension"":""jpg""},{""path"":""http://i.annihil.us/u/prod/marvel/i/mg/7/60/596782f82d9ba"",""extension"":""jpg""},{""path"":""http://i.annihil.us/u/prod/marvel/i/mg/6/50/4c3645d0d29e3"",""extension"":""jpg""}]";"{""available"":7,""collectionURI"":""http://gateway.marvel.com/v1/public/comics/17486/creators"",""items"":[{""resourceURI"":""http://gateway.marvel.com/v1/public/creators/5251"",""name"":""Vc Joe Caramagna"",""role"":""letterer""},{""resourceURI"":""http://gateway.marvel.com/v1/public/creators/1032"",""name"":""Troy Peteri"",""role"":""letterer""},{""resourceURI"":""http://gateway.marvel.com/v1/public/creators/1026"",""name"":""Tyler Kirkham"",""role"":""penciller""},{""resourceURI"":""http://gateway.marvel.com/v1/public/creators/536"",""name"":""Greg Pak"",""role"":""writer""},{""resourceURI"":""http://gateway.marvel.com/v1/public/creators/9395"",""name"":""Salvador Regla"",""role"":""inker""},{""resourceURI"":""http://gateway.marvel.com/v1/public/creators/5044"",""name"":""Marc Silvestri"",""role"":""penciller (cover)""},{""resourceURI"":""http://gateway.marvel.com/v1/public/creators/1029"",""name"":""John STARR"",""role"":""colorist""}],""returned"":7}";"{""available"":7,""collectionURI"":""http://gateway.marvel.com/v1/public/comics/17486/characters"",""items"":[{""resourceURI"":""http://gateway.marvel.com/v1/public/characters/1009175"",""name"":""Beast""},{""resourceURI"":""http://gateway.marvel.com/v1/public/characters/1009243"",""name"":""Colossus""},{""resourceURI"":""http://gateway.marvel.com/v1/public/characters/1009257"",""name"":""Cyclops""},{""resourceURI"":""http://gateway.marvel.com/v1/public/characters/1009310"",""name"":""Emma Frost""},{""resourceURI"":""http://gateway.marvel.com/v1/public/characters/1009508"",""name"":""Kitty Pryde""},{""resourceURI"":""http://gateway.marvel.com/v1/public/characters/1009718"",""name"":""Wolverine""},{""resourceURI"":""http://gateway.marvel.com/v1/public/characters/1009726"",""name"":""X-Men""}],""returned"":7}";"{""available"":12,""collectionURI"":""http://gateway.marvel.com/v1/public/comics/17486/stories"",""items"":[{""resourceURI"":""http://gateway.marvel.com/v1/public/stories/5377"",""name"":""1 of 5 - 5XLS"",""type"":""cover""},{""resourceURI"":""http://gateway.marvel.com/v1/public/stories/5378"",""name"":""1 of 5 - 5XLS"",""type"":""interiorStory""},{""resourceURI"":""http://gateway.marvel.com/v1/public/stories/5379"",""name"":""2 of 5 - 5XLS"",""type"":""interiorStory""},{""resourceURI"":""http://gateway.marvel.com/v1/public/stories/5380"",""name"":""3 of 5 - 5XLS"",""type"":""cover""},{""resourceURI"":""http://gateway.marvel.com/v1/public/stories/5381"",""name"":""3 of 5 - 5XLS"",""type"":""interiorStory""},{""resourceURI"":""http://gateway.marvel.com/v1/public/stories/5382"",""name"":""4 of 5 - Warsong - 5XLS"",""type"":""cover""},{""resourceURI"":""http://gateway.marvel.com/v1/public/stories/5383"",""name"":""4 of 5 - Warsong - 5XLS"",""type"":""interiorStory""},{""resourceURI"":""http://gateway.marvel.com/v1/public/stories/5384"",""name"":""5 of 5 - Warsong - 5XLS"",""type"":""cover""},{""resourceURI"":""http://gateway.marvel.com/v1/public/stories/5385"",""name"":""5 of 5 - Warsong - 5XLS"",""type"":""interiorStory""},{""resourceURI"":""http://gateway.marvel.com/v1/public/stories/7756"",""name"":""5 of 5 - Warsong - 5XLS"",""type"":""cover""},{""resourceURI"":""http://gateway.marvel.com/v1/public/stories/7757"",""name"":""5 of 5 - Warsong - 5XLS"",""type"":""interiorStory""},{""resourceURI"":""http://gateway.marvel.com/v1/public/stories/67688"",""name"":""X-MEN: PHOENIX - WARSONG TPB 0 cover"",""type"":""cover""}],""returned"":12}";"{""available"":0,""collectionURI"":""http://gateway.marvel.com/v1/public/comics/17486/events"",""items"":[],""returned"":0}"
1590;0;"Official Handbook of the Marvel Universe (2004) #9 (THE WOMEN OF MARVEL)";9;"THE WOMEN OF MARVEL";"Marvel's leading ladies take center stage! This Official Handbook includes in-depth bios on more than 40 of the House's most powerful women warriors - from Araña to Vindicator! Plus: an all-new cover by superstar artist Greg Land!";"-0001-11-30T00:00:00-0500";"";"5960605678-00111";"";"";"";"Comic";0;"[{""type"":""issue_solicit_text"",""language"":""en-us"",""text"":""Marvel's leading ladies take center stage! This Official Handbook includes in-depth bios on more than 40 of the House's most powerful women warriors - from Araña to Vindicator! Plus: an all-new cover by superstar artist Greg Land!""}]";"http://gateway.marvel.com/v1/public/comics/1590";"[{""type"":""detail"",""url"":""http://marvel.com/comics/issue/1590/official_handbook_of_the_marvel_universe_2004_9_the_women_of_marvel/the_women_of_marvel?utm_campaign=apiRef&utm_source=30fc9ec87b49604fa0a71b90eea47f38""}]";"{""resourceURI"":""http://gateway.marvel.com/v1/public/series/787"",""name"":""Official Handbook of the Marvel Universe (2004)""}";"[]";"[]";"[]";"[{""type"":""onsaleDate"",""date"":""2029-12-31T00:00:00-0500""},{""type"":""focDate"",""date"":""-0001-11-30T00:00:00-0500""}]";"[{""type"":""printPrice"",""price"":3.99}]";"{""path"":""http://i.annihil.us/u/prod/marvel/i/mg/9/b0/4c7d666c0e58a"",""extension"":""jpg""}";"[{""path"":""http://i.annihil.us/u/prod/marvel/i/mg/9/b0/4c7d666c0e58a"",""extension"":""jpg""}]";"{""available"":12,""collectionURI"":""http://gateway.marvel.com/v1/public/comics/1590/creators"",""items"":[{""resourceURI"":""http://gateway.marvel.com/v1/public/creators/887"",""name"":""Ronald Byrd"",""role"":""writer""},{""resourceURI"":""http://gateway.marvel.com/v1/public/creators/902"",""name"":""Jeff Christiansen"",""role"":""writer""},{""resourceURI"":""http://gateway.marvel.com/v1/public/creators/919"",""name"":""Jonathan Coupersmartt"",""role"":""writer""},{""resourceURI"":""http://gateway.marvel.com/v1/public/creators/903"",""name"":""Anthony Flamini"",""role"":""writer""},{""resourceURI"":""http://gateway.marvel.com/v1/public/creators/888"",""name"":""Michael Hoskin"",""role"":""writer""},{""resourceURI"":""http://gateway.marvel.com/v1/public/creators/898"",""name"":""Bill Lentz"",""role"":""writer""},{""resourceURI"":""http://gateway.marvel.com/v1/public/creators/897"",""name"":""Sean Mcquaid"",""role"":""writer""},{""resourceURI"":""http://gateway.marvel.com/v1/public/creators/394"",""name"":""Eric J. Moreels"",""role"":""writer""},{""resourceURI"":""http://gateway.marvel.com/v1/public/creators/899"",""name"":""Mark OEnglish"",""role"":""writer""},{""resourceURI"":""http://gateway.marvel.com/v1/public/creators/896"",""name"":""Stuart Vandal"",""role"":""writer""},{""resourceURI"":""http://gateway.marvel.com/v1/public/creators/425"",""name"":""Greg Land"",""role"":""penciller (cover)""},{""resourceURI"":""http://gateway.marvel.com/v1/public/creators/500"",""name"":""Christopher Sotomayor"",""role"":""colorist""}],""returned"":12}";"{""available"":14,""collectionURI"":""http://gateway.marvel.com/v1/public/comics/1590/characters"",""items"":[{""resourceURI"":""http://gateway.marvel.com/v1/public/characters/1009156"",""name"":""Apocalypse""},{""resourceURI"":""http://gateway.marvel.com/v1/public/characters/1009197"",""name"":""Blink""},{""resourceURI"":""http://gateway.marvel.com/v1/public/characters/1009243"",""name"":""Colossus""},{""resourceURI"":""http://gateway.marvel.com/v1/public/characters/1009313"",""name"":""Gambit""},{""resourceURI"":""http://gateway.marvel.com/v1/public/characters/1009349"",""name"":""Holocaust (Age of Apocalypse)""},{""resourceURI"":""http://gateway.marvel.com/v1/public/characters/1009417"",""name"":""Magneto""},{""resourceURI"":""http://gateway.marvel.com/v1/public/characters/1009447"",""name"":""Mister Sinister""},{""resourceURI"":""http://gateway.marvel.com/v1/public/characters/1009546"",""name"":""Rogue""},{""resourceURI"":""http://gateway.marvel.com/v1/public/characters/1010969"",""name"":""Sabretooth (Age of Apocalypse)""},{""resourceURI"":""http://gateway.marvel.com/v1/public/characters/1010975"",""name"":""Shadowcat (Age of Apocalypse)""},{""resourceURI"":""http://gateway.marvel.com/v1/public/characters/1010976"",""name"":""Silver Samurai (Age of Apocalypse)""},{""resourceURI"":""http://gateway.marvel.com/v1/public/characters/1010979"",""name"":""Storm (Age of Apocalypse)""},{""resourceURI"":""http://gateway.marvel.com/v1/public/characters/1009636"",""name"":""Sunfire""},{""resourceURI"":""http://gateway.marvel.com/v1/public/characters/1009718"",""name"":""Wolverine""}],""returned"":14}";"{""available"":2,""collectionURI"":""http://gateway.marvel.com/v1/public/comics/1590/stories"",""items"":[{""resourceURI"":""http://gateway.marvel.com/v1/public/stories/4513"",""name"":""Cover #4513"",""type"":""cover""},{""resourceURI"":""http://gateway.marvel.com/v1/public/stories/4514"",""name"":""Interior #4514"",""type"":""interiorStory""}],""returned"":2}";"{""available"":0,""collectionURI"":""http://gateway.marvel.com/v1/public/comics/1590/events"",""items"":[],""returned"":0}"
1994;0;"Official Handbook of the Marvel Universe (2004) #13 (TEAMS)";13;"TEAMS";"Heavy-hitting heroes unite! This Official Handbook contains in-depth bios on more than 30 of the Marvel Universe's most awesome assemblages - including the Defenders, Power Pack and the New Thunderbolts! Plus: An all-new cover by superstar artist Tom Grummett, digitally painted by Morry Hollowell.<br>48 PGS./All Ages ...$3.99<br>";"-0001-11-30T00:00:00-0500";"";"5960605695-00111";"";"";"";"Comic";0;"[{""type"":""issue_solicit_text"",""language"":""en-us"",""text"":""Heavy-hitting heroes unite! This Official Handbook contains in-depth bios on more than 30 of the Marvel Universe's most awesome assemblages - including the Defenders, Power Pack and the New Thunderbolts! Plus: An all-new cover by superstar artist Tom Grummett, digitally painted by Morry Hollowell.\r<br>48 PGS./All Ages ...$3.99\r<br>""}]";"http://gateway.marvel.com/v1/public/comics/1994";"[{""type"":""detail"",""url"":""http://marvel.com/comics/issue/1994/official_handbook_of_the_marvel_universe_2004_13_teams/teams?utm_campaign=apiRef&utm_source=30fc9ec87b49604fa0a71b90eea47f38""}]";"{""resourceURI"":""http://gateway.marvel.com/v1/public/series/787"",""name"":""Official Handbook of the Marvel Universe (2004)""}";"[]";"[]";"[]";"[{""type"":""onsaleDate"",""date"":""2029-12-31T00:00:00-0500""},{""type"":""focDate"",""date"":""-0001-11-30T00:00:00-0500""}]";"[{""type"":""printPrice"",""price"":3.99}]";"{""path"":""http://i.annihil.us/u/prod/marvel/i/mg/f/20/4bc63a47b8dcb"",""extension"":""jpg""}";"[{""path"":""http://i.annihil.us/u/prod/marvel/i/mg/f/20/4bc63a47b8dcb"",""extension"":""jpg""}]";"{""available"":10,""collectionURI"":""http://gateway.marvel.com/v1/public/comics/1994/creators"",""items"":[{""resourceURI"":""http://gateway.marvel.com/v1/public/creators/887"",""name"":""Ronald Byrd"",""role"":""writer""},{""resourceURI"":""http://gateway.marvel.com/v1/public/creators/902"",""name"":""Jeff Christiansen"",""role"":""writer""},{""resourceURI"":""http://gateway.marvel.com/v1/public/creators/903"",""name"":""Anthony Flamini"",""role"":""writer""},{""resourceURI"":""http://gateway.marvel.com/v1/public/creators/930"",""name"":""Richard Green"",""role"":""writer""},{""resourceURI"":""http://gateway.marvel.com/v1/public/creators/888"",""name"":""Michael Hoskin"",""role"":""writer""},{""resourceURI"":""http://gateway.marvel.com/v1/public/creators/897"",""name"":""Sean Mcquaid"",""role"":""writer""},{""resourceURI"":""http://gateway.marvel.com/v1/public/creators/394"",""name"":""Eric J. Moreels"",""role"":""writer""},{""resourceURI"":""http://gateway.marvel.com/v1/public/creators/899"",""name"":""Mark OEnglish"",""role"":""writer""},{""resourceURI"":""http://gateway.marvel.com/v1/public/creators/896"",""name"":""Stuart Vandal"",""role"":""writer""},{""resourceURI"":""http://gateway.marvel.com/v1/public/creators/483"",""name"":""Tom Grummett"",""role"":""penciller (cover)""}],""returned"":10}";"{""available"":14,""collectionURI"":""http://gateway.marvel.com/v1/public/comics/1994/characters"",""items"":[{""resourceURI"":""http://gateway.marvel.com/v1/public/characters/1009156"",""name"":""Apocalypse""},{""resourceURI"":""http://gateway.marvel.com/v1/public/characters/1009197"",""name"":""Blink""},{""resourceURI"":""http://gateway.marvel.com/v1/public/characters/1009243"",""name"":""Colossus""},{""resourceURI"":""http://gateway.marvel.com/v1/public/characters/1009313"",""name"":""Gambit""},{""resourceURI"":""http://gateway.marvel.com/v1/public/characters/1009349"",""name"":""Holocaust (Age of Apocalypse)""},{""resourceURI"":""http://gateway.marvel.com/v1/public/characters/1009417"",""name"":""Magneto""},{""resourceURI"":""http://gateway.marvel.com/v1/public/characters/1009447"",""name"":""Mister Sinister""},{""resourceURI"":""http://gateway.marvel.com/v1/public/characters/1009546"",""name"":""Rogue""},{""resourceURI"":""http://gateway.marvel.com/v1/public/characters/1010969"",""name"":""Sabretooth (Age of Apocalypse)""},{""resourceURI"":""http://gateway.marvel.com/v1/public/characters/1010975"",""name"":""Shadowcat (Age of Apocalypse)""},{""resourceURI"":""http://gateway.marvel.com/v1/public/characters/1010976"",""name"":""Silver Samurai (Age of Apocalypse)""},{""resourceURI"":""http://gateway.marvel.com/v1/public/characters/1010979"",""name"":""Storm (Age of Apocalypse)""},{""resourceURI"":""http://gateway.marvel.com/v1/public/characters/1009636"",""name"":""Sunfire""},{""resourceURI"":""http://gateway.marvel.com/v1/public/characters/1009718"",""name"":""Wolverine""}],""returned"":14}";"{""available"":2,""collectionURI"":""http://gateway.marvel.com/v1/public/comics/1994/stories"",""items"":[{""resourceURI"":""http://gateway.marvel.com/v1/public/stories/4614"",""name"":""Cover #4614"",""type"":""cover""},{""resourceURI"":""http://gateway.marvel.com/v1/public/stories/4615"",""name"":""Interior #4615"",""type"":""interiorStory""}],""returned"":2}";"{""available"":0,""collectionURI"":""http://gateway.marvel.com/v1/public/comics/1994/events"",""items"":[],""returned"":0}"
1749;0;"Official Handbook of the Marvel Universe (2004) #11 (X-MEN - AGE OF APOCALYPSE)";11;"X-MEN - AGE OF APOCALYPSE";"Your complete guide to the epic saga! This Official Handbook includes in-depth bios on more than 40 denizens of the Age of Apocalypse - from Abyss to Weapon X! Plus: An all-new cover by superstar-in-waiting Mark Brooks, digitally painted by Justin Ponsor.<br>48 PGS./Marvel PSR ...$3.99<br>";"-0001-11-30T00:00:00-0500";"";"5960605625-00111";"";"";"";"Comic";0;"[{""type"":""issue_solicit_text"",""language"":""en-us"",""text"":""Your complete guide to the epic saga! This Official Handbook includes in-depth bios on more than 40 denizens of the Age of Apocalypse - from Abyss to Weapon X! Plus: An all-new cover by superstar-in-waiting Mark Brooks, digitally painted by Justin Ponsor.\r<br>48 PGS./Marvel PSR ...$3.99\r<br>""}]";"http://gateway.marvel.com/v1/public/comics/1749";"[{""type"":""detail"",""url"":""http://marvel.com/comics/issue/1749/official_handbook_of_the_marvel_universe_2004_11_x-men_-_age_of_apocalypse/x-men_-_age_of_apocalypse?utm_campaign=apiRef&utm_source=30fc9ec87b49604fa0a71b90eea47f38""}]";"{""resourceURI"":""http://gateway.marvel.com/v1/public/series/787"",""name"":""Official Handbook of the Marvel Universe (2004)""}";"[]";"[]";"[]";"[{""type"":""onsaleDate"",""date"":""2029-12-31T00:00:00-0500""},{""type"":""focDate"",""date"":""-0001-11-30T00:00:00-0500""}]";"[{""type"":""printPrice"",""price"":3.99}]";"{""path"":""http://i.annihil.us/u/prod/marvel/i/mg/c/b0/4bc6494ed6eb4"",""extension"":""jpg""}";"[{""path"":""http://i.annihil.us/u/prod/marvel/i/mg/c/b0/4bc6494ed6eb4"",""extension"":""jpg""}]";"{""available"":2,""collectionURI"":""http://gateway.marvel.com/v1/public/comics/1749/creators"",""items"":[{""resourceURI"":""http://gateway.marvel.com/v1/public/creators/694"",""name"":""Mark Brooks"",""role"":""penciller (cover)""},{""resourceURI"":""http://gateway.marvel.com/v1/public/creators/684"",""name"":""Mike Raicht"",""role"":""writer""}],""returned"":2}";"{""available"":14,""collectionURI"":""http://gateway.marvel.com/v1/public/comics/1749/characters"",""items"":[{""resourceURI"":""http://gateway.marvel.com/v1/public/characters/1009156"",""name"":""Apocalypse""},{""resourceURI"":""http://gateway.marvel.com/v1/public/characters/1009197"",""name"":""Blink""},{""resourceURI"":""http://gateway.marvel.com/v1/public/characters/1009243"",""name"":""Colossus""},{""resourceURI"":""http://gateway.marvel.com/v1/public/characters/1009313"",""name"":""Gambit""},{""resourceURI"":""http://gateway.marvel.com/v1/public/characters/1009349"",""name"":""Holocaust (Age of Apocalypse)""},{""resourceURI"":""http://gateway.marvel.com/v1/public/characters/1009417"",""name"":""Magneto""},{""resourceURI"":""http://gateway.marvel.com/v1/public/characters/1009447"",""name"":""Mister Sinister""},{""resourceURI"":""http://gateway.marvel.com/v1/public/characters/1009546"",""name"":""Rogue""},{""resourceURI"":""http://gateway.marvel.com/v1/public/characters/1010969"",""name"":""Sabretooth (Age of Apocalypse)""},{""resourceURI"":""http://gateway.marvel.com/v1/public/characters/1010975"",""name"":""Shadowcat (Age of Apocalypse)""},{""resourceURI"":""http://gateway.marvel.com/v1/public/characters/1010976"",""name"":""Silver Samurai (Age of Apocalypse)""},{""resourceURI"":""http://gateway.marvel.com/v1/public/characters/1010979"",""name"":""Storm (Age of Apocalypse)""},{""resourceURI"":""http://gateway.marvel.com/v1/public/characters/1009636"",""name"":""Sunfire""},{""resourceURI"":""http://gateway.marvel.com/v1/public/characters/1009718"",""name"":""Wolverine""}],""returned"":14}";"{""available"":2,""collectionURI"":""http://gateway.marvel.com/v1/public/comics/1749/stories"",""items"":[{""resourceURI"":""http://gateway.marvel.com/v1/public/stories/4153"",""name"":""Cover #4153"",""type"":""cover""},{""resourceURI"":""http://gateway.marvel.com/v1/public/stories/4154"",""name"":""Interior #4154"",""type"":""interiorStory""}],""returned"":2}";"{""available"":0,""collectionURI"":""http://gateway.marvel.com/v1/public/comics/1749/events"",""items"":[],""returned"":0}"
1332;0;"X-Men: Days of Future Past (Trade Paperback)";0;"";"""Re-live the legendary first journey into the dystopian future of 2013 - where Sentinels stalk the Earth, and the X-Men are humanity's only hope...until they die! Also featuring the first appearance of Alpha Flight, the return of the Wendigo, the history of the X-Men from Cyclops himself...and a demon for Christmas!? """;"2017-02-28T14:52:22-0500";"0-7851-1560-9";"5960611560-00111";"";"";"";"Trade Paperback";144;"[{""type"":""issue_solicit_text"",""language"":""en-us"",""text"":""\""Re-live the legendary first journey into the dystopian future of 2013 - where Sentinels stalk the Earth, and the X-Men are humanity's only hope...until they die! Also featuring the first appearance of Alpha Flight, the return of the Wendigo, the history of the X-Men from Cyclops himself...and a demon for Christmas!? \""""}]";"http://gateway.marvel.com/v1/public/comics/1332";"[{""type"":""detail"",""url"":""http://marvel.com/comics/collection/1332/x-men_days_of_future_past_trade_paperback?utm_campaign=apiRef&utm_source=30fc9ec87b49604fa0a71b90eea47f38""}]";"{""resourceURI"":""http://gateway.marvel.com/v1/public/series/1327"",""name"":""X-Men: Days of Future Past (2004)""}";"[]";"[]";"[{""resourceURI"":""http://gateway.marvel.com/v1/public/comics/13683"",""name"":""Uncanny X-Men (1963) #142""},{""resourceURI"":""http://gateway.marvel.com/v1/public/comics/12460"",""name"":""Uncanny X-Men (1963) #141""}]";"[{""type"":""onsaleDate"",""date"":""2029-12-31T00:00:00-0500""},{""type"":""focDate"",""date"":""-0001-11-30T00:00:00-0500""}]";"[{""type"":""printPrice"",""price"":9.99}]";"{""path"":""http://i.annihil.us/u/prod/marvel/i/mg/9/d0/58b5cfb6d5239"",""extension"":""jpg""}";"[{""path"":""http://i.annihil.us/u/prod/marvel/i/mg/9/d0/58b5cfb6d5239"",""extension"":""jpg""},{""path"":""http://i.annihil.us/u/prod/marvel/i/mg/9/b0/4bc66463ef7f0"",""extension"":""jpg""}]";"{""available"":0,""collectionURI"":""http://gateway.marvel.com/v1/public/comics/1332/creators"",""items"":[],""returned"":0}";"{""available"":10,""collectionURI"":""http://gateway.marvel.com/v1/public/comics/1332/characters"",""items"":[{""resourceURI"":""http://gateway.marvel.com/v1/public/characters/1009159"",""name"":""Archangel""},{""resourceURI"":""http://gateway.marvel.com/v1/public/characters/1009164"",""name"":""Avalanche""},{""resourceURI"":""http://gateway.marvel.com/v1/public/characters/1009199"",""name"":""Blob""},{""resourceURI"":""http://gateway.marvel.com/v1/public/characters/1009243"",""name"":""Colossus""},{""resourceURI"":""http://gateway.marvel.com/v1/public/characters/1009271"",""name"":""Destiny""},{""resourceURI"":""http://gateway.marvel.com/v1/public/characters/1009472"",""name"":""Nightcrawler""},{""resourceURI"":""http://gateway.marvel.com/v1/public/characters/1009522"",""name"":""Pyro""},{""resourceURI"":""http://gateway.marvel.com/v1/public/characters/1009629"",""name"":""Storm""},{""resourceURI"":""http://gateway.marvel.com/v1/public/characters/1009718"",""name"":""Wolverine""},{""resourceURI"":""http://gateway.marvel.com/v1/public/characters/1009726"",""name"":""X-Men""}],""returned"":10}";"{""available"":3,""collectionURI"":""http://gateway.marvel.com/v1/public/comics/1332/stories"",""items"":[{""resourceURI"":""http://gateway.marvel.com/v1/public/stories/15472"",""name"":""Days of Future Past"",""type"":""interiorStory""},{""resourceURI"":""http://gateway.marvel.com/v1/public/stories/27788"",""name"":""Mind Out of Time!"",""type"":""interiorStory""},{""resourceURI"":""http://gateway.marvel.com/v1/public/stories/65738"",""name"":""X-MEN: DAYS OF FUTURE PAST TPB 0 cover"",""type"":""cover""}],""returned"":3}";"{""available"":0,""collectionURI"":""http://gateway.marvel.com/v1/public/comics/1332/events"",""items"":[],""returned"":0}"
90481;0;"Dawn Of X Vol. 14 (Trade Paperback)";0;"";;"2021-03-15T10:24:15-0400";"978-1-302-92771-4";"";"NOV200632";"9781302 927714 51799";"";"Trade Paperback";160;"[]";"http://gateway.marvel.com/v1/public/comics/90481";"[{""type"":""detail"",""url"":""http://marvel.com/comics/collection/90481/dawn_of_x_vol_14_trade_paperback?utm_campaign=apiRef&utm_source=30fc9ec87b49604fa0a71b90eea47f38""}]";"{""resourceURI"":""http://gateway.marvel.com/v1/public/series/31144"",""name"":""Dawn Of X Vol. 14 (2021)""}";"[]";"[]";"[]";"[{""type"":""onsaleDate"",""date"":""2021-03-17T00:00:00-0400""},{""type"":""focDate"",""date"":""2021-01-25T00:00:00-0500""}]";"[{""type"":""printPrice"",""price"":17.99}]";"{""path"":""http://i.annihil.us/u/prod/marvel/i/mg/1/03/604be74611903"",""extension"":""jpg""}";"[{""path"":""http://i.annihil.us/u/prod/marvel/i/mg/1/03/604be74611903"",""extension"":""jpg""}]";"{""available"":1,""collectionURI"":""http://gateway.marvel.com/v1/public/comics/90481/creators"",""items"":[{""resourceURI"":""http://gateway.marvel.com/v1/public/creators/4430"",""name"":""Jeff Youngquist"",""role"":""editor""}],""returned"":1}";"{""available"":2,""collectionURI"":""http://gateway.marvel.com/v1/public/comics/90481/characters"",""items"":[{""resourceURI"":""http://gateway.marvel.com/v1/public/characters/1009718"",""name"":""Wolverine""},{""resourceURI"":""http://gateway.marvel.com/v1/public/characters/1009726"",""name"":""X-Men""}],""returned"":2}";"{""available"":2,""collectionURI"":""http://gateway.marvel.com/v1/public/comics/90481/stories"",""items"":[{""resourceURI"":""http://gateway.marvel.com/v1/public/stories/202021"",""name"":""cover from DAWN OF X: NATION BUILDING VOL. 8 TPB (2020) #8"",""type"":""cover""},{""resourceURI"":""http://gateway.marvel.com/v1/public/stories/202022"",""name"":""story from DAWN OF X: NATION BUILDING VOL. 8 TPB (2020) #8"",""type"":""interiorStory""}],""returned"":2}";"{""available"":0,""collectionURI"":""http://gateway.marvel.com/v1/public/comics/90481/events"",""items"":[],""returned"":0}"
91303;0;"Wolverine: Black, White & Blood (2020) #4";4;"";;"2020-12-10T09:09:40-0500";"";"75960609982500411";"DEC200567";"";"";"Comic";40;"[]";"http://gateway.marvel.com/v1/public/comics/91303";"[{""type"":""detail"",""url"":""http://marvel.com/comics/issue/91303/wolverine_black_white_blood_2020_4?utm_campaign=apiRef&utm_source=30fc9ec87b49604fa0a71b90eea47f38""},{""type"":""purchase"",""url"":""http://comicstore.marvel.com/Wolverine-Black-White-Blood-4/digital-comic/56187?utm_campaign=apiRef&utm_source=30fc9ec87b49604fa0a71b90eea47f38""}]";"{""resourceURI"":""http://gateway.marvel.com/v1/public/series/31284"",""name"":""Wolverine: Black, White & Blood (2020 - 2021)""}";"[{""resourceURI"":""http://gateway.marvel.com/v1/public/comics/93283"",""name"":""Wolverine: Black, White & Blood (2020) #4 (Variant)""}]";"[]";"[]";"[{""type"":""onsaleDate"",""date"":""2021-03-10T00:00:00-0500""},{""type"":""focDate"",""date"":""2021-02-15T00:00:00-0500""}]";"[{""type"":""printPrice"",""price"":4.99}]";"{""path"":""http://i.annihil.us/u/prod/marvel/i/mg/8/a0/603d21d04dfa6"",""extension"":""jpg""}";"[{""path"":""http://i.annihil.us/u/prod/marvel/i/mg/8/a0/603d21d04dfa6"",""extension"":""jpg""}]";"{""available"":10,""collectionURI"":""http://gateway.marvel.com/v1/public/comics/91303/creators"",""items"":[{""resourceURI"":""http://gateway.marvel.com/v1/public/creators/12313"",""name"":""Mark Basso"",""role"":""editor""},{""resourceURI"":""http://gateway.marvel.com/v1/public/creators/12699"",""name"":""Ed Brisson"",""role"":""writer""},{""resourceURI"":""http://gateway.marvel.com/v1/public/creators/14068"",""name"":""Steven Deknight"",""role"":""writer""},{""resourceURI"":""http://gateway.marvel.com/v1/public/creators/12714"",""name"":""Kelly Thompson"",""role"":""writer""},{""resourceURI"":""http://gateway.marvel.com/v1/public/creators/10172"",""name"":""Vc Clayton Cowles"",""role"":""letterer""},{""resourceURI"":""http://gateway.marvel.com/v1/public/creators/820"",""name"":""Leonard Kirk"",""role"":""penciler""},{""resourceURI"":""http://gateway.marvel.com/v1/public/creators/7413"",""name"":""Paulo Siqueira"",""role"":""penciler""},{""resourceURI"":""http://gateway.marvel.com/v1/public/creators/8027"",""name"":""Andres Mossa"",""role"":""colorist""},{""resourceURI"":""http://gateway.marvel.com/v1/public/creators/613"",""name"":""Khary Randolph"",""role"":""penciler (cover)""},{""resourceURI"":""http://gateway.marvel.com/v1/public/creators/13597"",""name"":""OREN JUNIOR"",""role"":""inker""}],""returned"":10}";"{""available"":2,""collectionURI"":""http://gateway.marvel.com/v1/public/comics/91303/characters"",""items"":[{""resourceURI"":""http://gateway.marvel.com/v1/public/characters/1009465"",""name"":""Mystique""},{""resourceURI"":""http://gateway.marvel.com/v1/public/characters/1009718"",""name"":""Wolverine""}],""returned"":2}";"{""available"":2,""collectionURI"":""http://gateway.marvel.com/v1/public/comics/91303/stories"",""items"":[{""resourceURI"":""http://gateway.marvel.com/v1/public/stories/203687"",""name"":""cover from Wolverine: Black, White & Blood (2020) #4"",""type"":""cover""},{""resourceURI"":""http://gateway.marvel.com/v1/public/stories/203688"",""name"":""story from Wolverine: Black, White & Blood (2020) #4"",""type"":""interiorStory""}],""returned"":2}";"{""available"":0,""collectionURI"":""http://gateway.marvel.com/v1/public/comics/91303/events"",""items"":[],""returned"":0}"
78733;0;"Wolverine (2020) #10";10;"";;"2020-10-31T09:06:17-0400";"";"75960609661901011";"DEC200572";"";"";"Comic";32;"[]";"http://gateway.marvel.com/v1/public/comics/78733";"[{""type"":""detail"",""url"":""http://marvel.com/comics/issue/78733/wolverine_2020_10?utm_campaign=apiRef&utm_source=30fc9ec87b49604fa0a71b90eea47f38""},{""type"":""purchase"",""url"":""http://comicstore.marvel.com/Wolverine-10/digital-comic/56186?utm_campaign=apiRef&utm_source=30fc9ec87b49604fa0a71b90eea47f38""}]";"{""resourceURI"":""http://gateway.marvel.com/v1/public/series/28051"",""name"":""Wolverine (2020 - Present)""}";"[{""resourceURI"":""http://gateway.marvel.com/v1/public/comics/93277"",""name"":""Wolverine (2020) #10 (Variant)""},{""resourceURI"":""http://gateway.marvel.com/v1/public/comics/93278"",""name"":""Wolverine (2020) #10 (Variant)""}]";"[]";"[]";"[{""type"":""onsaleDate"",""date"":""2021-02-24T00:00:00-0500""},{""type"":""focDate"",""date"":""2021-02-01T00:00:00-0500""}]";"[{""type"":""printPrice"",""price"":3.99}]";"{""path"":""http://i.annihil.us/u/prod/marvel/i/mg/2/d0/6030360d9ba73"",""extension"":""jpg""}";"[{""path"":""http://i.annihil.us/u/prod/marvel/i/mg/2/d0/6030360d9ba73"",""extension"":""jpg""}]";"{""available"":5,""collectionURI"":""http://gateway.marvel.com/v1/public/comics/78733/creators"",""items"":[{""resourceURI"":""http://gateway.marvel.com/v1/public/creators/12313"",""name"":""Mark Basso"",""role"":""editor""},{""resourceURI"":""http://gateway.marvel.com/v1/public/creators/2879"",""name"":""Adam Kubert"",""role"":""penciler (cover)""},{""resourceURI"":""http://gateway.marvel.com/v1/public/creators/4991"",""name"":""Frank Martin"",""role"":""colorist (cover)""},{""resourceURI"":""http://gateway.marvel.com/v1/public/creators/13614"",""name"":""Benjamin Percy"",""role"":""writer""},{""resourceURI"":""http://gateway.marvel.com/v1/public/creators/12980"",""name"":""Vc Cory Petit"",""role"":""letterer""}],""returned"":5}";"{""available"":2,""collectionURI"":""http://gateway.marvel.com/v1/public/comics/78733/characters"",""items"":[{""resourceURI"":""http://gateway.marvel.com/v1/public/characters/1009437"",""name"":""Maverick (Christoph Nord)""},{""resourceURI"":""http://gateway.marvel.com/v1/public/characters/1009718"",""name"":""Wolverine""}],""returned"":2}";"{""available"":2,""collectionURI"":""http://gateway.marvel.com/v1/public/comics/78733/stories"",""items"":[{""resourceURI"":""http://gateway.marvel.com/v1/public/stories/174488"",""name"":""cover from Wolverine (2020) #10"",""type"":""cover""},{""resourceURI"":""http://gateway.marvel.com/v1/public/stories/174489"",""name"":""story from Wolverine (2020) #10"",""type"":""interiorStory""}],""returned"":2}";"{""available"":0,""collectionURI"":""http://gateway.marvel.com/v1/public/comics/78733/events"",""items"":[],""returned"":0}"
80473;0;"Marvel (2020) #5";5;"";;"2020-10-30T09:03:52-0400";"";"75960609545200511";"DEC200611";"";"";"Comic";40;"[]";"http://gateway.marvel.com/v1/public/comics/80473";"[{""type"":""detail"",""url"":""http://marvel.com/comics/issue/80473/marvel_2020_5?utm_campaign=apiRef&utm_source=30fc9ec87b49604fa0a71b90eea47f38""},{""type"":""purchase"",""url"":""http://comicstore.marvel.com/Marvel-5/digital-comic/56165?utm_campaign=apiRef&utm_source=30fc9ec87b49604fa0a71b90eea47f38""}]";"{""resourceURI"":""http://gateway.marvel.com/v1/public/series/28360"",""name"":""Marvel (2020)""}";"[{""resourceURI"":""http://gateway.marvel.com/v1/public/comics/90671"",""name"":""Marvel (2020) #5 (Variant)""}]";"[]";"[]";"[{""type"":""onsaleDate"",""date"":""2021-02-17T00:00:00-0500""},{""type"":""focDate"",""date"":""2021-01-11T00:00:00-0500""}]";"[{""type"":""printPrice"",""price"":4.99}]";"{""path"":""http://i.annihil.us/u/prod/marvel/i/mg/3/00/6026d16e52b53"",""extension"":""jpg""}";"[{""path"":""http://i.annihil.us/u/prod/marvel/i/mg/3/00/6026d16e52b53"",""extension"":""jpg""}]";"{""available"":10,""collectionURI"":""http://gateway.marvel.com/v1/public/comics/80473/creators"",""items"":[{""resourceURI"":""http://gateway.marvel.com/v1/public/creators/2133"",""name"":""Tom Brevoort"",""role"":""editor""},{""resourceURI"":""http://gateway.marvel.com/v1/public/creators/13935"",""name"":""Zander Cannon"",""role"":""letterer""},{""resourceURI"":""http://gateway.marvel.com/v1/public/creators/14069"",""name"":""Josh Johnson"",""role"":""letterer""},{""resourceURI"":""http://gateway.marvel.com/v1/public/creators/14075"",""name"":""Vc Ariana Maher"",""role"":""letterer""},{""resourceURI"":""http://gateway.marvel.com/v1/public/creators/9476"",""name"":""Steve Darnall"",""role"":""writer""},{""resourceURI"":""http://gateway.marvel.com/v1/public/creators/119"",""name"":""Mark Waid"",""role"":""writer""},{""resourceURI"":""http://gateway.marvel.com/v1/public/creators/292"",""name"":""Gene Ha"",""role"":""painter""},{""resourceURI"":""http://gateway.marvel.com/v1/public/creators/8950"",""name"":""Lucio Parrillo"",""role"":""painter""},{""resourceURI"":""http://gateway.marvel.com/v1/public/creators/7245"",""name"":""Adam Hughes"",""role"":""colorist""},{""resourceURI"":""http://gateway.marvel.com/v1/public/creators/63"",""name"":""Alex Ross"",""role"":""painter (cover)""}],""returned"":10}";"{""available"":4,""collectionURI"":""http://gateway.marvel.com/v1/public/comics/80473/characters"",""items"":[{""resourceURI"":""http://gateway.marvel.com/v1/public/characters/1009351"",""name"":""Hulk""},{""resourceURI"":""http://gateway.marvel.com/v1/public/characters/1009471"",""name"":""Nick Fury""},{""resourceURI"":""http://gateway.marvel.com/v1/public/characters/1009718"",""name"":""Wolverine""},{""resourceURI"":""http://gateway.marvel.com/v1/public/characters/1009720"",""name"":""Wong""}],""returned"":4}";"{""available"":2,""collectionURI"":""http://gateway.marvel.com/v1/public/comics/80473/stories"",""items"":[{""resourceURI"":""http://gateway.marvel.com/v1/public/stories/178070"",""name"":""cover from Marvel Anthology (2029) #5"",""type"":""cover""},{""resourceURI"":""http://gateway.marvel.com/v1/public/stories/178071"",""name"":""story from Marvel Anthology (2029) #5"",""type"":""interiorStory""}],""returned"":2}";"{""available"":0,""collectionURI"":""http://gateway.marvel.com/v1/public/comics/80473/events"",""items"":[],""returned"":0}"
91302;0;"Wolverine: Black, White & Blood (2020) #3";3;"";;"2020-10-09T09:13:05-0400";"";"75960609982500311";"NOV200514";"";"";"Comic";40;"[]";"http://gateway.marvel.com/v1/public/comics/91302";"[{""type"":""detail"",""url"":""http://marvel.com/comics/issue/91302/wolverine_black_white_blood_2020_3?utm_campaign=apiRef&utm_source=30fc9ec87b49604fa0a71b90eea47f38""},{""type"":""purchase"",""url"":""http://comicstore.marvel.com/Wolverine-Black-White-Blood-3/digital-comic/56059?utm_campaign=apiRef&utm_source=30fc9ec87b49604fa0a71b90eea47f38""}]";"{""resourceURI"":""http://gateway.marvel.com/v1/public/series/31284"",""name"":""Wolverine: Black, White & Blood (2020 - 2021)""}";"[{""resourceURI"":""http://gateway.marvel.com/v1/public/comics/92518"",""name"":""Wolverine: Black, White & Blood (2020) #3 (Variant)""}]";"[]";"[]";"[{""type"":""onsaleDate"",""date"":""2021-02-10T00:00:00-0500""},{""type"":""focDate"",""date"":""2021-01-18T00:00:00-0500""}]";"[{""type"":""printPrice"",""price"":4.99}]";"{""path"":""http://i.annihil.us/u/prod/marvel/i/mg/3/b0/60196ff1282e6"",""extension"":""jpg""}";"[{""path"":""http://i.annihil.us/u/prod/marvel/i/mg/3/b0/60196ff1282e6"",""extension"":""jpg""}]";"{""available"":12,""collectionURI"":""http://gateway.marvel.com/v1/public/comics/91302/creators"",""items"":[{""resourceURI"":""http://gateway.marvel.com/v1/public/creators/232"",""name"":""Chris Bachalo"",""role"":""penciler""},{""resourceURI"":""http://gateway.marvel.com/v1/public/creators/1148"",""name"":""Brett Booth"",""role"":""penciler""},{""resourceURI"":""http://gateway.marvel.com/v1/public/creators/12313"",""name"":""Mark Basso"",""role"":""editor""},{""resourceURI"":""http://gateway.marvel.com/v1/public/creators/5251"",""name"":""Vc Joe Caramagna"",""role"":""letterer""},{""resourceURI"":""http://gateway.marvel.com/v1/public/creators/10172"",""name"":""Vc Clayton Cowles"",""role"":""letterer""},{""resourceURI"":""http://gateway.marvel.com/v1/public/creators/12712"",""name"":""Donny Cates"",""role"":""writer""},{""resourceURI"":""http://gateway.marvel.com/v1/public/creators/13471"",""name"":""Jed Mackay"",""role"":""writer""},{""resourceURI"":""http://gateway.marvel.com/v1/public/creators/6001"",""name"":""Fabian Nicieza"",""role"":""writer""},{""resourceURI"":""http://gateway.marvel.com/v1/public/creators/14138"",""name"":""John Ridley"",""role"":""writer""},{""resourceURI"":""http://gateway.marvel.com/v1/public/creators/13677"",""name"":""Adelso Corona"",""role"":""inker""},{""resourceURI"":""http://gateway.marvel.com/v1/public/creators/12466"",""name"":""Jorge Fornes"",""role"":""penciler (cover)""},{""resourceURI"":""http://gateway.marvel.com/v1/public/creators/12551"",""name"":""Jesus Saiz"",""role"":""colorist""}],""returned"":12}";"{""available"":1,""collectionURI"":""http://gateway.marvel.com/v1/public/comics/91302/characters"",""items"":[{""resourceURI"":""http://gateway.marvel.com/v1/public/characters/1009718"",""name"":""Wolverine""}],""returned"":1}";"{""available"":2,""collectionURI"":""http://gateway.marvel.com/v1/public/comics/91302/stories"",""items"":[{""resourceURI"":""http://gateway.marvel.com/v1/public/stories/203685"",""name"":""cover from Wolverine: Black, White & Blood (2020) #3"",""type"":""cover""},{""resourceURI"":""http://gateway.marvel.com/v1/public/stories/203686"",""name"":""story from Wolverine: Black, White & Blood (2020) #3"",""type"":""interiorStory""}],""returned"":2}";"{""available"":0,""collectionURI"":""http://gateway.marvel.com/v1/public/comics/91302/events"",""items"":[],""returned"":0}"
90321;0;"Wolverine by Frank Cho: Savage Land (Trade Paperback)";0;"";;"2021-01-25T09:25:42-0500";"978-1-302-92730-1";"";"OCT200719";"9781302 927301 51999";"2328-8027";"Trade Paperback";136;"[]";"http://gateway.marvel.com/v1/public/comics/90321";"[{""type"":""detail"",""url"":""http://marvel.com/comics/collection/90321/wolverine_by_frank_cho_savage_land_trade_paperback?utm_campaign=apiRef&utm_source=30fc9ec87b49604fa0a71b90eea47f38""},{""type"":""purchase"",""url"":""http://comicstore.marvel.com/Wolverine-by-Frank-Cho-Savage-Land-0/digital-comic/56088?utm_campaign=apiRef&utm_source=30fc9ec87b49604fa0a71b90eea47f38""}]";"{""resourceURI"":""http://gateway.marvel.com/v1/public/series/31073"",""name"":""Wolverine by Frank Cho: Savage Land (2021)""}";"[]";"[]";"[]";"[{""type"":""onsaleDate"",""date"":""2021-01-27T00:00:00-0500""},{""type"":""focDate"",""date"":""2020-11-30T00:00:00-0500""}]";"[{""type"":""printPrice"",""price"":19.99}]";"{""path"":""http://i.annihil.us/u/prod/marvel/i/mg/c/00/600af96ad8b2b"",""extension"":""jpg""}";"[{""path"":""http://i.annihil.us/u/prod/marvel/i/mg/c/00/600af96ad8b2b"",""extension"":""jpg""}]";"{""available"":4,""collectionURI"":""http://gateway.marvel.com/v1/public/comics/90321/creators"",""items"":[{""resourceURI"":""http://gateway.marvel.com/v1/public/creators/185"",""name"":""Frank Cho"",""role"":""penciller (cover)""},{""resourceURI"":""http://gateway.marvel.com/v1/public/creators/426"",""name"":""Jason Keith"",""role"":""colorist""},{""resourceURI"":""http://gateway.marvel.com/v1/public/creators/12980"",""name"":""Vc Cory Petit"",""role"":""letterer""},{""resourceURI"":""http://gateway.marvel.com/v1/public/creators/4430"",""name"":""Jeff Youngquist"",""role"":""editor""}],""returned"":4}";"{""available"":1,""collectionURI"":""http://gateway.marvel.com/v1/public/comics/90321/characters"",""items"":[{""resourceURI"":""http://gateway.marvel.com/v1/public/characters/1009718"",""name"":""Wolverine""}],""returned"":1}";"{""available"":2,""collectionURI"":""http://gateway.marvel.com/v1/public/comics/90321/stories"",""items"":[{""resourceURI"":""http://gateway.marvel.com/v1/public/stories/201690"",""name"":""cover from WOLVERINE BY FRANK CHO: SAVAGE LAND TPB (2020) #1"",""type"":""cover""},{""resourceURI"":""http://gateway.marvel.com/v1/public/stories/201691"",""name"":""story from WOLVERINE BY FRANK CHO: SAVAGE LAND TPB (2020) #1"",""type"":""interiorStory""}],""returned"":2}";"{""available"":0,""collectionURI"":""http://gateway.marvel.com/v1/public/comics/90321/events"",""items"":[],""returned"":0}"
78732;0;"Wolverine (2020) #9";9;"";;"2020-10-09T09:12:34-0400";"";"75960609661900911";"NOV200517";"";"";"Comic";32;"[]";"http://gateway.marvel.com/v1/public/comics/78732";"[{""type"":""detail"",""url"":""http://marvel.com/comics/issue/78732/wolverine_2020_9?utm_campaign=apiRef&utm_source=30fc9ec87b49604fa0a71b90eea47f38""},{""type"":""purchase"",""url"":""http://comicstore.marvel.com/Wolverine-9/digital-comic/56058?utm_campaign=apiRef&utm_source=30fc9ec87b49604fa0a71b90eea47f38""}]";"{""resourceURI"":""http://gateway.marvel.com/v1/public/series/28051"",""name"":""Wolverine (2020 - Present)""}";"[{""resourceURI"":""http://gateway.marvel.com/v1/public/comics/92762"",""name"":""Wolverine (2020) #9 (Variant)""},{""resourceURI"":""http://gateway.marvel.com/v1/public/comics/92763"",""name"":""Wolverine (2020) #9 (Variant)""}]";"[]";"[]";"[{""type"":""onsaleDate"",""date"":""2021-01-27T00:00:00-0500""},{""type"":""focDate"",""date"":""2020-12-21T00:00:00-0500""}]";"[{""type"":""printPrice"",""price"":3.99}]";"{""path"":""http://i.annihil.us/u/prod/marvel/i/mg/1/03/6009ea0278631"",""extension"":""jpg""}";"[{""path"":""http://i.annihil.us/u/prod/marvel/i/mg/1/03/6009ea0278631"",""extension"":""jpg""}]";"{""available"":5,""collectionURI"":""http://gateway.marvel.com/v1/public/comics/78732/creators"",""items"":[{""resourceURI"":""http://gateway.marvel.com/v1/public/creators/12313"",""name"":""Mark Basso"",""role"":""editor""},{""resourceURI"":""http://gateway.marvel.com/v1/public/creators/2879"",""name"":""Adam Kubert"",""role"":""penciler (cover)""},{""resourceURI"":""http://gateway.marvel.com/v1/public/creators/4991"",""name"":""Frank Martin"",""role"":""colorist (cover)""},{""resourceURI"":""http://gateway.marvel.com/v1/public/creators/13614"",""name"":""Benjamin Percy"",""role"":""writer""},{""resourceURI"":""http://gateway.marvel.com/v1/public/creators/12980"",""name"":""Vc Cory Petit"",""role"":""letterer""}],""returned"":5}";"{""available"":1,""collectionURI"":""http://gateway.marvel.com/v1/public/comics/78732/characters"",""items"":[{""resourceURI"":""http://gateway.marvel.com/v1/public/characters/1009718"",""name"":""Wolverine""}],""returned"":1}";"{""available"":2,""collectionURI"":""http://gateway.marvel.com/v1/public/comics/78732/stories"",""items"":[{""resourceURI"":""http://gateway.marvel.com/v1/public/stories/174486"",""name"":""cover from Wolverine (2020) #9"",""type"":""cover""},{""resourceURI"":""http://gateway.marvel.com/v1/public/stories/174487"",""name"":""story from Wolverine (2020) #9"",""type"":""interiorStory""}],""returned"":2}";"{""available"":0,""collectionURI"":""http://gateway.marvel.com/v1/public/comics/78732/events"",""items"":[],""returned"":0}"